titre,url
A-Cérumen Spray Formule colorée Hygiène des oreilles 40ml,https://citymall-para.ma/produit/a-cerumen-spray-auriculaire-40-ml/
Biokera Color Blonde Extra Platine Naturelle N°12.00,https://citymall-para.ma/produit/biokera-color-blonde-extra-platine-naturelle-n12-00/
Camomilla Blu Active Cosmos Organic ph 3.5 300ml,https://citymall-para.ma/produit/camomilla-blu-active-cosmos-organic-ph-3-5-300ml/
Camomilla Blu Daily use Nettoyant intime + Gel Lavant Premier Peau,https://citymall-para.ma/produit/camomilla-blu-daily-use-nettoyant-intime-gel-lavant-premier-peau/
Camomilla Blu Daily Use Nettoyant Intime ph 5.5 300ml,https://citymall-para.ma/produit/camomilla-blu-daily-use-nettoyant-intime-ph-5-5-300ml/
Camomilla Blu Defence Nettoyant Intime + Gel Lavant Premier Peau,https://citymall-para.ma/produit/camomilla-blu-defence-nettoyant-intime-gel-lavant-premier-peau/
CAMOMILLA BLU NETTOYANT VISAGE ET CORPS FLEUR DE CAMOMILLE 500ml,https://citymall-para.ma/produit/camomilla-blu-nettoyant-visage-et-corps-fleur-de-camomille-500ml/
DIETAROMA Cap ligne Brûle-graisse et Contrôle du poids Bio 30 comprimés,https://citymall-para.ma/produit/dietaroma-cap-ligne-brule-graisse-et-controle-du-poids-bio-30-comprimes/
DIETAROMA DRAIN IDEAL DETOX 5 EMONCTOIRES BIO 20 AMPOULES,https://citymall-para.ma/produit/dietaroma-drain-ideal-detox-5-emonctoires-bio-20-ampoules/
DIETAROMA GINSENG EXTRA FORT 20 AMPOULES,https://citymall-para.ma/produit/dietaroma-ginseng-extra-fort-20-ampoules/
DIETAROMA PROBIOTIQUES FORTE B14 SACHETS,https://citymall-para.ma/produit/dietaroma-probiotiques-forte-b14-sachets/
ERIC FAVRE MYO D GEL 10% ARNICA 100 ML,https://citymall-para.ma/produit/eric-favre-myo-d-gel-10-arnica-100-ml/
A-Cérumen Spray Formule colorée Hygiène des oreilles 40ml,https://citymall-para.ma/produit/a-cerumen-spray-auriculaire-40-ml/
Biokera Color Blonde Extra Platine Naturelle N°12.00,https://citymall-para.ma/produit/biokera-color-blonde-extra-platine-naturelle-n12-00/
Camomilla Blu Active Cosmos Organic ph 3.5 300ml,https://citymall-para.ma/produit/camomilla-blu-active-cosmos-organic-ph-3-5-300ml/
Camomilla Blu Daily use Nettoyant intime + Gel Lavant Premier Peau,https://citymall-para.ma/produit/camomilla-blu-daily-use-nettoyant-intime-gel-lavant-premier-peau/
Camomilla Blu Daily Use Nettoyant Intime ph 5.5 300ml,https://citymall-para.ma/produit/camomilla-blu-daily-use-nettoyant-intime-ph-5-5-300ml/
Camomilla Blu Defence Nettoyant Intime + Gel Lavant Premier Peau,https://citymall-para.ma/produit/camomilla-blu-defence-nettoyant-intime-gel-lavant-premier-peau/
CAMOMILLA BLU NETTOYANT VISAGE ET CORPS FLEUR DE CAMOMILLE 500ml,https://citymall-para.ma/produit/camomilla-blu-nettoyant-visage-et-corps-fleur-de-camomille-500ml/
DIETAROMA Cap ligne Brûle-graisse et Contrôle du poids Bio 30 comprimés,https://citymall-para.ma/produit/dietaroma-cap-ligne-brule-graisse-et-controle-du-poids-bio-30-comprimes/
DIETAROMA DRAIN IDEAL DETOX 5 EMONCTOIRES BIO 20 AMPOULES,https://citymall-para.ma/produit/dietaroma-drain-ideal-detox-5-emonctoires-bio-20-ampoules/
DIETAROMA GINSENG EXTRA FORT 20 AMPOULES,https://citymall-para.ma/produit/dietaroma-ginseng-extra-fort-20-ampoules/
DIETAROMA PROBIOTIQUES FORTE B14 SACHETS,https://citymall-para.ma/produit/dietaroma-probiotiques-forte-b14-sachets/
ERIC FAVRE MYO D GEL 10% ARNICA 100 ML,https://citymall-para.ma/produit/eric-favre-myo-d-gel-10-arnica-100-ml/
ERIC FAVRE PROTEINES VEGAN 3 BERRY 500G SPORT,https://citymall-para.ma/produit/eric-favre-proteines-vegan-3-berry-500g-sport/
ISDIN FotoProtector Fusion Water Magic Spf50 50ml,https://citymall-para.ma/produit/isdin-fotoprotector-fusion-water-magic-spf50-50ml/
ISDIN NUTRADEICA DRY DANDRUFF ANTI-PELLICULAIRE SEC 200ML,https://citymall-para.ma/produit/isdin-nutradeica-dry-dandruff-anti-pelliculaire-sec-200ml/
Isdin Woman Firming Cream 200ml,https://citymall-para.ma/produit/isdin-woman-firming-cream-200ml/
ISDIN WOMAN Gel Hydratant Vulvaire 30g,https://citymall-para.ma/produit/isdin-woman-gel-hydratant-vulvaire-30g/
ISDIN WOMAN Gel Hygiène intime 200 ml,https://citymall-para.ma/produit/isdin-woman-gel-hygiene-intime-200-ml/
Nature soin Huile Essentielle de Lavande 10 ml,https://citymall-para.ma/produit/nature-soin-huile-essentielle-de-lavande-10-ml/
NOVEXPERT Coffret Best Seller Booster AH+Eau Micellaire,https://citymall-para.ma/produit/novexpert-coffret-best-seller-booster-aheau-micellaire/
Calvin Klein Be Pour Homme 100 ML,https://citymall-para.ma/produit/calvin-klein-be-pour-homme-100-ml/
Capila Shampoing 200ml+ Lotion 125ml+ Sérum 30ml Pack Antichute,https://citymall-para.ma/produit/capila-shampoing-200ml-lotion-125ml-serum-30ml-pack-antichute/
D-BIOTIC Gel Surgras 240 ml,https://citymall-para.ma/produit/d-biotic-gel-surgras-240-ml/
D-BIOTIC Spray Solaire Pédiatrique 100 ml,https://citymall-para.ma/produit/d-biotic-spray-solaire-pediatrique-100-ml/
D-CAP COLORATION PERMANENTE N°6 BLOND FONCÉ,https://citymall-para.ma/produit/d-cap-coloration-permanente-n6-blond-fonce/
d-cap min masque,https://citymall-para.ma/produit/d-cap-min-masque/
d-cap min shp,https://citymall-para.ma/produit/d-cap-min-shp/
Dietaroma C.I.P. Desmodium 60 Comprimés,https://citymall-para.ma/produit/dietaroma-c-i-p-desmodium-60-comprimes/
ERIC FAVRE KAMAGEL ERECTION 10 STICKS,https://citymall-para.ma/produit/eric-favre-kamagel-erection-10-sticks/
Juniors Bande Ombilicale 1 Unités,https://citymall-para.ma/produit/juniors-bande-ombilicale-1-unites/
lansinoh wochenbett-einlagen 2+,https://citymall-para.ma/produit/lansinoh-wochenbett-einlagen-2/
Nutriskin Ambre solaire spf50 125ml,https://citymall-para.ma/produit/nutriskin-ambre-solaire-spf50-125ml/
A-CERUMEN Hygiène Auriculaire Spray 40ml,https://citymall-para.ma/produit/a-cerumen-hygiene-auriculaire-spray-40ml/
ACM Sébionex Pain Dermatologique Purifiant 100 G,https://citymall-para.ma/produit/acm-sebionex-pain-dermatologique-purifiant-100-g/
ACM VITICOLOR GEL CORRECTEUR DE TEINT 50ML,https://citymall-para.ma/produit/acm-viticolor-gel-correcteur-de-teint-50ml/
ADDAX bactospray antiseptique 125 ml,https://citymall-para.ma/produit/addax-bactospray-antiseptique-125-ml/
Addax Séptidol PH 8 Gel Intime 125 ml,https://citymall-para.ma/produit/addax-septidol-ph-8-gel-intime-125-ml/
ALCASTERIL 250ML,https://citymall-para.ma/produit/alcasteril-250ml/
Allergika Baume Déodorant 50 Ml Peaux Sensibles Et Atopiques,https://citymall-para.ma/produit/allergika-baume-deodorant-50-ml-peaux-sensibles-et-atopiques/
Allergika Gel Nettoyant doux 500 ml,https://citymall-para.ma/produit/allergika-gel-nettoyant-doux-500-ml/
ALOE FRESH Bain de Bouche avec Antibactérien 250ML,https://citymall-para.ma/produit/aloe-fresh-bain-de-bouche-avec-antibacterien-250ml/
Apivita Beessential Oils Baume Nuit 15ml,https://citymall-para.ma/produit/apivita-beessential-oils-baume-nuit-15ml/
Apivita Express Beauty Masque Eclaircissant Bilberry 8ml,https://citymall-para.ma/produit/apivita-express-beauty-masque-eclaircissant-bilberry-8ml/
NATURE SOIN ARGISOIN Savon Doux À L’argile Rouge 125 G,https://citymall-para.ma/produit/savon-argile-rouge-argisoin-p-matur-fatig-125g/
Argisoin Savon Doux a L’argile Rose 125g,https://citymall-para.ma/produit/argisoin-savon-doux-a-largile-rose-125g/
Argisoin Savon Doux A L’argile Verte 125g,https://citymall-para.ma/produit/argisoin-savon-doux-a-largile-verte-125g/
Argisoin Savon Doux Au Ghassoul 125g,https://citymall-para.ma/produit/argisoin-savon-doux-au-ghassoul-125g/
Assanis 80ml Coco-Vanille,https://citymall-para.ma/produit/assanis-80ml-coco-vanille/
Avene Tolerance Extreme Creme Riche 50ml,https://citymall-para.ma/produit/avene-tolerance-extreme-creme-riche-50ml/
AVENE TOLERANCE LOTION NETTOYANTE GÉLIFIÉE 200ML,https://citymall-para.ma/produit/avene-tolerance-lotion-nettoyante-gelifiee-200ml/
AVÈNE TRIXÉRA NETTOYANT NUTRI-FLUIDE 400ML,https://citymall-para.ma/produit/avene-trixera-nettoyant-nutri-fluide-400ml/
AVENT BIBERON NATURAL 260ML SCF033/17+2 LINGETTES WATTERWIPS SAC,https://citymall-para.ma/produit/avent-biberon-natural-260ml-scf033-172-lingettes-watterwips-sac/
BABE BATH GEL 500ML,https://citymall-para.ma/produit/babe-pediatrique-gel-de-bain-500-ml/
BETER Pince à Épiler Chromée Pointe Droite,https://citymall-para.ma/produit/beter-pince-a-epiler-chromee-pointe-droite/
BEURER,https://citymall-para.ma/produit/beurer/
BIO SECURE Gel Nettoyant Intime Sans Savon 240ml,https://citymall-para.ma/produit/bio-secure-gel-nettoyant-intime-sans-savon-240ml/
Bioclin Bio-Argan traitement quotidien 100ml,https://citymall-para.ma/produit/bioclin-bio-argan-traitement-quotidien-100ml-2/
Bioderma Atoderm Crème de Douche 1L,https://citymall-para.ma/produit/bioderma-atoderm-creme-douche-1l/
Bioderma Atoderm Crème de douche 200ML,https://citymall-para.ma/produit/bioderma-atoderm-creme-lavante-200ml/
BIODERMA ATODERM GEL DOUCHE 200ML,https://citymall-para.ma/produit/bioderma-atoderm-gel-douche-200ml/
Bioderma Atoderm Gel Douche 500 ml,https://citymall-para.ma/produit/bioderma-atoderm-gel-douche-500-ml/
BIODERMA Sensibio DS+ Gel Moussant 200ML,https://citymall-para.ma/produit/bioderma-sensibio-ds-gel-moussant-200ml/
Biosept 5.5 Gel Nettoyant Traitant 120Ml,https://citymall-para.ma/produit/biosept-5-5-gel-nettoyant-traitant-120ml-2/
Biosept 7.5 Gel Nettoyant Traitant Extra-doux à l’Aloe Vera 200 ml,https://citymall-para.ma/produit/biosept-7-5-gel-nettoyant-traitant-extra-doux-a-laloe-vera-200-ml/
BIOSEPT CONFORT ph 5.5 Gel Nettoyant 200ml,https://citymall-para.ma/produit/biosept-confort-ph-5-5-gel-nettoyant-200ml/
BIOSEPT Traitant Ph 7.5 Gel Antiseptique 120ml,https://citymall-para.ma/produit/biosept-traitant-ph-7-5-gel-antiseptique-120ml/
BUCCOTHERM CHARBON NOIR,https://citymall-para.ma/produit/buccotherm-dentifrice-blancheur-charbon-75ml/
Camomilla Blu Active Nettoyant Intime Ph 3.5 300ml,https://citymall-para.ma/produit/camomilla-blu-active-nettoyant-intime-ph-3-5-300ml-2/
"Camomilla Blu Bio Nettoyant Intime Active ph 3,5 300 ml",https://citymall-para.ma/produit/camomilla-blu-active-nettoyant-intime-ph-3-5-300ml/
Camomilla Blu Defence Nettoyant Intime Ph 7 300ml,https://citymall-para.ma/produit/camomilla-blu-defence-nettoyant-intime-ph-7-300ml/
Camomilla Blu deo Fresh Nettoyant Intime Ph 4.5 300ml,https://citymall-para.ma/produit/camomilla-blu-deo-fresh-nettoyant-intime-ph-4-5-300ml/
CAMOMILLA Blu Fior Di camomilla Nettoyant 300ml,https://citymall-para.ma/produit/camomilla-blu-fior-di-camomille-nettoyant-300-ml/
Camomilla Blu Gel Intimorosa Nettoyant Intime Neutre Ph 5.5 – 300 Ml,https://citymall-para.ma/produit/camomilla-blu-gel-intimorosa-nettoyant-intime-neutre-ph-5-5-300-ml/
Camomilla Blu Gel Lavante Premiere Peau 300ml,https://citymall-para.ma/produit/camomilla-blu-gel-lavante-premiere-peau-300ml/
CAMOMILLA BLU INTIMO ROSA GEL NETTOYANT INTIME PH 8.5 300ML,https://citymall-para.ma/produit/camomilla-blu-intimo-rosa-nettoyant-intime-apaisant-ph-8-5/
Camomilla Blu Intimo Rosa Nettoyant Intime 300ML,https://citymall-para.ma/produit/camomilla-blu-intimo-rosa-nettoyant-intime-300ml/
Camomilla Blu Intimo Rosa Nettoyant Intime Ph 3.5 – 300ml,https://citymall-para.ma/produit/camomilla-blu-intimo-rosa-nettoyant-intime-ph-3-5-300ml/
Camomilla Blu Intimorosa Ph 7 300ml,https://citymall-para.ma/produit/camomilla-blu-intimorosa-ph-7-300ml/
CAMOMILLA BLU natural coco 4.5 ph 300ml,https://citymall-para.ma/produit/camomilla-blu-natural-coco-nettoyant-intime-ph-4-5-300ml/
CAMOMILLA BLU ORGANIC ECO BIO NETTOYANT INTIME PH 5.5 300ML,https://citymall-para.ma/produit/camomilla-blu-organic-eco-bio-nettoyant-intime-ph-5-5-300ml/
Camomilla Blu Protective Nettoyant Intime Ph 8.5 300ml,https://citymall-para.ma/produit/camomilla-blu-protective-nettoyant-intime-ph-8-5-300ml/
CARBOXANE flora 30 gelules,https://citymall-para.ma/produit/carboxane-flora-30-gelules/
Carex Gel Lubrifiant Jelly 60g,https://citymall-para.ma/produit/carex-gel-lubrifiant-jelly-60g/
CATTIER Eclat de Rose Concentré Regard 15ML,https://citymall-para.ma/produit/cattier-eclat-de-rose-concentre-regard-15ml/
Cattier Huile De Bourrache Bio – 50ML,https://citymall-para.ma/produit/cattier-huile-de-bourrache-bio-50ml/
Cattier Huile Vegetale Jojoba Bio 50ML,https://citymall-para.ma/produit/cattier-huile-vegetale-jojoba-bio-50ml/
Caudalie Vinofresh Déodorant Stick Naturel 50 ml,https://citymall-para.ma/produit/caudalie-vinofresh-deodorant-stick-naturel-50-ml/
CEBELIA CREME CONFORT 40ML,https://citymall-para.ma/produit/cebella-creme-confort-40-ml/
CERAVE CREME HYDRATANT VISAGE SPF25 52ML,https://citymall-para.ma/produit/cerave-creme-hydratant-visage-spf25-52ml/
CeraVe crème hydratante visage SPF50 peaux normales à sèches 52ml,https://citymall-para.ma/produit/cerave-creme-hydratante-visage-spf50-peaux-normales-a-seches-52ml/
CeraVe Pain Hydratant Surgras Peau Normale à Sèche 128 G,https://citymall-para.ma/produit/cerave-pain-hydratant-surgras-peau-normale-a-seche-128-g/
CHATEAU ROUGE SAVON DERMATOLOGIQUE ECLAIRCISSANT 100 GR,https://citymall-para.ma/produit/chateau-rouge-savon-dermatologique-eclaircissant-100-gr/
Cicabiafine douche baume surgras 500 ml,https://citymall-para.ma/produit/cicabiafine-douche-baume-surgras-500-ml/
CICABIAFINE Douche Crème Anti-Irritations Apaisante,https://citymall-para.ma/produit/cicabiafine-douche-creme-anti-irritations-apaisante/
Cliniceutica Eclamid D.E Gel Nettoyant Moussant Exfoliant – 250ml,https://citymall-para.ma/produit/cliniceutica-eclamid-d-e-gel-nettoyant-moussant-exfoliant-250ml/
Cliniceutica Eclamid D.E Radiance Lait Lissant – 250ml,https://citymall-para.ma/produit/cliniceutica-eclamid-d-e-radiance-lait-lissant-250ml/
COMFORT BABY Coton TIGE 60 PIECES,https://citymall-para.ma/produit/dodie-batonnets-bebe/
Confiance Couches Slip Mobile Medium/14,https://citymall-para.ma/produit/confiance-couches-slip-mobile-medium-14/
Couches Molicare Premium Slip Mobile 8 Large 30,https://citymall-para.ma/produit/couches-molicare-premium-slip-mobile-8-large-30/
Couches Molicare Slip Mobile Medium14,https://citymall-para.ma/produit/couches-molicare-slip-mobile-medium14/
Culotte Indasec Discreet Pant Maroc,https://citymall-para.ma/produit/culotte-indasec-discreet-pant-maroc/
CUMLAUDE LAB HYGIENE INTIME PEDIATRICS 250ML,https://citymall-para.ma/produit/cumlaude-hygiene-intime-pediatrics-250ml/
Curaprox Brosset  Prime 011 pl,https://citymall-para.ma/produit/curaprox-brosset-prime-011-pl/
Curasept Spray haleine fraiche bio EcoBio 20ml,https://citymall-para.ma/produit/curasept-spray-haleine-fraiche-bio-ecobio-20ml/
DERMACARE Cleanea Gel Moussant Surgras 200ML,https://citymall-para.ma/produit/dermacare-cleanea-gel-moussant-surgras-200ml/
DERMACARE SEBIALINE Soin Anti Imperfections 40ML,https://citymall-para.ma/produit/dermacare-sebialine-soin-anti-imperfections-40ml/
Dermaceutic Spot Cream Anti-taches Dépigmentante 30 ml,https://citymall-para.ma/produit/dermaceutic-spot-cream-depigmentante-30-ml/
Dermina Atolina Gel Douche Apaisant 1L,https://citymall-para.ma/produit/dermina-atolina-gel-douche-apaisant-1l/
Dermo-Soins Sunskin 60 crème solaire invisible – 50ml,https://citymall-para.ma/produit/dermo-soins-sunskin-60-creme-solaire-invisible-50ml/
DERMOSOUFRE Savon au Soufre Savon Médical,https://citymall-para.ma/produit/dermosoufre-savon-au-soufre-savon-medical/
DUCRAY KERACNYL Stop Boutons 10ML,https://citymall-para.ma/produit/ducray-keracnyl-stop-boutons-10-ml/
ELANCYL Gel Douche 200ml,https://citymall-para.ma/produit/elancyl-gel-douche-200ml/
ELANCYL My Coach Gel Douche 200ML,https://citymall-para.ma/produit/elancyl-my-coach-gel-douche-200ml/
Elliance Neutrosept Gel Antiseptique Ph 7.0 125ML,https://citymall-para.ma/produit/elliance-neutrosept-gel-antiseptique-ph-7-0-125ml/
Fa Eau de Cologne fraîcheur – 750 ml,https://citymall-para.ma/produit/fa-eau-de-cologne-fraicheur-750-ml/
Farlin Poire Vaginal Douche Bf-636,https://citymall-para.ma/produit/farlin-poire-vaginal-douche-bf-636/
Femfresh Gel-Crème Apaisant Confort Et Apaisant 250ML,https://citymall-para.ma/produit/femfresh-gel-creme-apaisant-confort-et-apaisant-250ml/
FENIOUX Goji  129 GELULE,https://citymall-para.ma/produit/fenioux-goji-129-gelule/
FILORGA NUTRI FILLER LIPS BAUME LEVRE,https://citymall-para.ma/produit/filorga-nutri-filler-lips-baume-levre/
FIXA CALCIUM Vitamine D 30Géllules,https://citymall-para.ma/produit/fixa-calcium-vitamine-d-30gellules/
FIXAGAZ Charbon & Fenouil 30 Gélules,https://citymall-para.ma/produit/fixagaz-charbon-fenouil-30-gelules/
FLEUR DE BAIN DOUCHE LILI CARE,https://citymall-para.ma/produit/fleur-de-bain-douche-lili-care/
FLEXIMAX 60 Gélules,https://citymall-para.ma/produit/fleximax-60-gelules/
FLORAME  DEODORANT SPRAY HOMME FOR MEN 100ML COSMOS,https://citymall-para.ma/produit/florame-deodorant-spray-homme-for-men-bio-100-ml/
FLORAME  DEODORANT (BILLE) HOMME FOR MEN 50ML COSMOS,https://citymall-para.ma/produit/florame-homme-deodorant-bille-bio-50ml/
FLORAME  SAVON DU BAROUDEUR 5 EN 1 HOMME FOR MEN 100G COSMOS,https://citymall-para.ma/produit/florame-homme-savon-du-baroudeur-5-en-1-bio-100-g/
FLORAME  SOIN HYDRATANT BONNE MINE HOMME FOR MEN 50ML COSMOS,https://citymall-para.ma/produit/florame-homme-soin-hydratant-bonne-mine-bio-50-ml/
FLORAME  HUILE A BARBE ADOUCISSANTE 50ML COSMOS,https://citymall-para.ma/produit/florame-huile-a-barbe-adoucissante-bio-50-ml/
FLORAME  SAVON LIQUIDE A L ANCIENNE AMANDE 500ML COSMEBIO,https://citymall-para.ma/produit/florame-savon-liquide-a-lancienne-amande-bio-500ml/
FLORAME  SAVON LIQUIDE A L ANCIENNE CITRON-TEA TREE 500ML COSMEBIO,https://citymall-para.ma/produit/florame-savon-liquide-a-lancienne-citron-tea-tree-bio-500ml/
FLORAME  SAVON LIQUIDE A L ANCIENNE LAVANDE 500ML COSMEBIO,https://citymall-para.ma/produit/florame-savon-liquide-a-lancienne-lavande-bio-500ml/
FLOXIA Fluide Intime Nettoyant  200 ML,https://citymall-para.ma/produit/floxia-fluide-intime-nettoyant-200-ml/
FORTE MAG 300 MARIN 56 Comprimés,https://citymall-para.ma/produit/forte-mag-300-marin-56-comprimes/
Forte Pharma Turbo Draine Minceur Gout Peche 500ML,https://citymall-para.ma/produit/forte-pharma-turbo-draine-minceur-gout-peche-500-ml/
FORTMAG Magnésium 300mg 20 Comprimés,https://citymall-para.ma/produit/fortmag-magnesium-300mg-20-comprimes/
Fraldas Couches Adulte Xlarge 25,https://citymall-para.ma/produit/fraldas-couches-adulte-xlarge-25/
GAINE Polytex Taille 2,https://citymall-para.ma/produit/gaine-polytex-taille-2/
GAINE Polytex Taille 3,https://citymall-para.ma/produit/gaine-polytex-taille-3/
GAINE Polytex Taille 5,https://citymall-para.ma/produit/gaine-polytex-taille-5/
Galber Crème Volume Fessier Originale 100ML,https://citymall-para.ma/produit/galber-creme-volume-fessier-originale-100ml/
Gel Antibactérien Sans Rinçage Pomme Poire 20ml,https://citymall-para.ma/produit/gel-antibacterien-sans-rincage-pomme-poire-20ml/
Gel Antibactérien Sans Rinçage Pomme Poire 80ml,https://citymall-para.ma/produit/gel-antibacterien-sans-rincage-pomme-poire-80ml/
Gel Bain douche surgras lait & miel 400ml,https://citymall-para.ma/produit/gel-bain-douche-surgras-lait-miel-400ml/
Gogirl Urinoire Portable Pour Femme rose,https://citymall-para.ma/produit/gogirl-urinoire-portable-pour-femme-rose/
GUM FLOSSERS MENTHOL REF 890,https://citymall-para.ma/produit/gum-flossers-menthol-ref-890/
Hartmann Confiance Couches Elastic Taille l /14,https://citymall-para.ma/produit/hartmann-confiance-couches-elastic-taille-l-14/
Hartmann Confiance Elastic 10 Gouttes M 14 Changes,https://citymall-para.ma/produit/hartmann-confiance-elastic-10-gouttes-m-14-changes/
Hartmann Confiance Elastic Couches  XL /14,https://citymall-para.ma/produit/hartmann-confiance-elastic-couches-xl-14/
Hartmann Couche Super Molicare  Large 14 pieces,https://citymall-para.ma/produit/hartmann-couche-super-molicare-large-14-pieces/
Hartmann Couche Super Molicare Mobile Medium 14 pieces,https://citymall-para.ma/produit/hartmann-couche-super-molicare-mobile-medium-14-pieces/
Hartmann Molicare Premium Elastic Medium 6 Gouttes,https://citymall-para.ma/produit/hartmann-molicare-premium-elastic-medium-6-gouttes/
Hartmann Molicare Premium Elastic Medium 9 Gouttes,https://citymall-para.ma/produit/hartmann-molicare-premium-elastic-medium-9-gouttes/
HARTMANN Omnifix Elastic Bande adhésive 5CM*10 M,https://citymall-para.ma/produit/hartmann-omnifix-elastic-bande-adhesive-5cm10-m/
Health & science Line Gel Nettoyant Surgras 250ML,https://citymall-para.ma/produit/hs-line-gel-nettoyant-surgras-250ml/
Huile Essentielle Eucalyptus,https://citymall-para.ma/produit/huile-essentielle-eucalyptus/
Isdin Glicoisdin 25 Intense 50g,https://citymall-para.ma/produit/isdin-glicoisdin-25-intense-50g/
Isis Pharma teen derm gel sensitive 250ml,https://citymall-para.ma/produit/isis-pharma-teen-derm-gel-sensitive-250ml/
Isis Pharma teen derm gel sensitive 400ml,https://citymall-para.ma/produit/isis-pharma-teen-derm-gel-sensitive-400ml/
ISISPHARMA SECALIA Shower Cream Crème De Douche Nourrissante 200ml,https://citymall-para.ma/produit/isispharma-secalia-shower-cream-creme-de-douche-nourrissante-200ml/
ISISPHARMA SECALIA Shower Cream Crème De Douche Nourrissante 400ml,https://citymall-para.ma/produit/isispharma-secalia-shower-cream-creme-de-douche-nourrissante-400ml/
Johnsons Baby Savon Bébé 75g,https://citymall-para.ma/produit/johnsons-baby-savon-bebe-75g/
KLORANE BEBE LAIT DE TOILETTE SANS RINÇAGE 500ML,https://citymall-para.ma/produit/klorane-bebe-lait-de-toilette-sans-rincage-500ml-2/
LILI CARE Pince Cuticule Pm,https://citymall-para.ma/produit/lili-care-pince-cuticule-pm/
MANIX Gel de Massage Gourmand Fraise 200ml,https://citymall-para.ma/produit/manix-gel-de-massage-gourmand-fraise-200ml/
Manix Gel De Massage Stimulant 200 ml,https://citymall-para.ma/produit/manix-gel-de-massage-stimulant-200-ml/
Manix Gel Lubrifiant Effect 80 ml,https://citymall-para.ma/produit/manix-gel-lubrifiant-effect-80-ml/
Manix Gel Lubrifiant Fraise 80ml,https://citymall-para.ma/produit/manix-gel-lubrifiant-fraise-80ml/
MANIX GEL LUBRIFIANT NATURAL 100 ML,https://citymall-para.ma/produit/manix-gel-lubrifiant-natural-100-ml/
Manix Infiniti Gel Lubrifiant 100ml,https://citymall-para.ma/produit/manix-infiniti-gel-lubrifiant-100ml/
MANIX GEL INTIMITY TUBE DE 50 ML,https://citymall-para.ma/produit/manix-intimity-fluide-lubrifiant-intime-50ml/
Manix King Size 14 Pièces,https://citymall-para.ma/produit/manix-king-size-14-pieces/
Manix King Size Max Maximum Comfort 14 Preservatifs,https://citymall-para.ma/produit/manix-king-size-max-maximum-comfort-14-preservatifs/
Manix Pure Gel Lubrifiant 200 ml,https://citymall-para.ma/produit/manix-pure-gel-lubrifiant-200-ml/
Manix Skyn Cocktail Club 9 pièces,https://citymall-para.ma/produit/manix-skyn-cocktail-club-9-pieces/
Manix Skyn Gel All Night Long gel lubrifiant 80ml,https://citymall-para.ma/produit/manix-skyn-gel-all-night-long-gel-lubrifiant-80ml/
MANIX SKYN Gel Lubrifiant Aqua Feel 80ml,https://citymall-para.ma/produit/manix-skyn-gel-lubrifiant-aqua-feel-80ml/
MANIX SKYN KING SIZE 10 PIÈCES,https://citymall-para.ma/produit/manix-skyn-king-size-10-pieces/
Manix Skyn Natural Harmony 80ml,https://citymall-para.ma/produit/manix-skyn-natural-harmony-80ml/
Manix Skyn Original – 3 Piéces,https://citymall-para.ma/produit/manix-skyn-original-3-pieces/
MANIX SKYN ORIGINE 10 PIÈCES,https://citymall-para.ma/produit/manix-skyn-origine-10-pieces/
MGD SPIRULINE 200 GÉLULES,https://citymall-para.ma/produit/mgd-spiruline-200-gelule/
Miradent Xylitol chewing gum kids pomme,https://citymall-para.ma/produit/miradent-xylitol-chewing-gum-kids-pomme/
Molicare Premium Elastic MEDIUM 7 Drops,https://citymall-para.ma/produit/molicare-premium-elastic-medium-7-drops/
Mustela Gel Lavant Apaisant 300ml,https://citymall-para.ma/produit/mustela-gel-lavant-apaisant-300ml/
Mustela Huile De Massage Bebe 100ml,https://citymall-para.ma/produit/mustela-huile-de-massage-bebe-100ml/
NATURALIA Aloe Vera Rafraîchissant Hydra Gel Corps 290 ml,https://citymall-para.ma/produit/naturalia-aloe-vera-rafraichissant-hydra-gel-corps-290-ml/
NATURALIA Gel Bain Douche 1000ml,https://citymall-para.ma/produit/naturalia-gel-bain-douche-1000ml/
NATURALIA Gel intime 300ML,https://citymall-para.ma/produit/naturalia-gel-intime-300ml/
NATURALIA Intime gel Hygiène intime 100ML,https://citymall-para.ma/produit/naturalia-intime-gel-hygiene-intime-100-ml/
Nature soin crème protectrice désodorisante 30 ml,https://citymall-para.ma/produit/nature-soin-creme-protectrice-desodorisante-30-ml/
Nature Soin Glysoin Savon Extra-Doux 125g,https://citymall-para.ma/produit/nature-soin-glysoin-savon-extra-doux-125g/
Nature Soin Huile De Coco Vierge Pot 200ML,https://citymall-para.ma/produit/nature-soin-huile-de-coco-vierge-pot-200ml/
NATURESOIN Huile de Cumin 50ML,https://citymall-para.ma/produit/naturesoin-huile-de-cumin-50ml/
NaturEsoin Huile De Girofle 50 Ml,https://citymall-para.ma/produit/naturesoin-huile-de-girofle-50-ml/
NaturEsoin Neobacter Savon Antiseptique – 90 G,https://citymall-para.ma/produit/naturesoin-neobacter-savon-antiseptique-90-g/
"NaturEsoin Stick Labial Teinté – 3,35 G",https://citymall-para.ma/produit/naturesoin-stick-labial-teinte-335-g/
NEOBACTER – Gel Hydro-Alcoolique à l’Huile Essentielle de Citron 100ml,https://citymall-para.ma/produit/neobacter-gel-hydro-alcoolique-a-lhuile-essentielle-de-citron-100ml/
Neutraderm Gel douche micellaire dermo apaisant 200ml,https://citymall-para.ma/produit/neutraderm-gel-douche-micellaire-dermo-apaisant-200ml/
Neutraderm Savon doux surgras dermo-protecteur 200g,https://citymall-para.ma/produit/neutraderm-savon-doux-surgras-dermo-protecteur-200g/
Novaskin Gel Intime Anti-Mycose 100 ml,https://citymall-para.ma/produit/novaskin-gel-intime-anti-mycose-100-ml/
Novaskin Gel Intime Anti-Mycose 200 ml,https://citymall-para.ma/produit/novaskin-gel-intime-anti-mycose-200-ml/
Novaskin Gel Lavante Intime Ph Neutre 100 ml,https://citymall-para.ma/produit/novaskin-gel-lavante-intime-ph-neutre-100-ml/
Novaskin Gel Lavante Intime Ph Neutre 200 ml,https://citymall-para.ma/produit/novaskin-gel-lavante-intime-ph-neutre-200-ml/
Novaskin Gel Mains Hydroalcoolique  500ml,https://citymall-para.ma/produit/novaskin-gel-mains-hydroalcoolique-500ml/
Novaskin Melaslow Gommage Visage Anti-Taches,https://citymall-para.ma/produit/novaskin-melaslow-gommage-visage-anti-taches/
Nuhanciam Gel-Douche Douceur Sans Savon – 200ml,https://citymall-para.ma/produit/nuhanciam-gel-douche-douceur-sans-savon-200ml/
Nuhanciam Gommage Corps Éclat Gel Exfoliant Moussant – 200ml,https://citymall-para.ma/produit/nuhanciam-gommage-corps-eclat-gel-exfoliant-moussant-200ml/
Nuxe Bio Organic Eau Micellaire Démaquillante 200 ml,https://citymall-para.ma/produit/nuxe-bio-organic-eau-micellaire-demaquillante-200-ml/
Nuxe Body deodorant fraicheur reve de the 50 ml,https://citymall-para.ma/produit/nuxe-body-deodorant-fraicheur-reve-de-the-50-ml/
Nuxe Men deodorant 24h protection 50 ml,https://citymall-para.ma/produit/nuxe-men-deodorant-24h-protection-50-ml/
NUXE PRODIGIEUX HUILE DE DOUCHE 100 ML,https://citymall-para.ma/produit/nuxe-prodigieux-huile-de-douche-100-ml/
O’LYSEE Spray Hygiène Mains 100ml,https://citymall-para.ma/produit/olysee-spray-hygiene-mains-100ml/
Orness Huile Action Minceur Anti-Cellulite (Pepin de Raisin) 100ml,https://citymall-para.ma/produit/orness-huile-action-minceur-anti-cellulite-pepin-de-raisin-100ml/
POLAAR Men Roll on Anti Transpirant 50ML,https://citymall-para.ma/produit/polaar-men-roll-on-anti-transpirant-50ml/
PRO VITAL Huile Essentielle de Clou de Girofle 10ML,https://citymall-para.ma/produit/pro-vital-huile-essentielle-de-clou-de-girofle-10ml-2/
PRO VITAL SAVON CITRON,https://citymall-para.ma/produit/pro-vital-savon-citron/
PRO VITAL Savon Noir au Curcuma et Carotte 200G,https://citymall-para.ma/produit/pro-vital-savon-noir-au-curcuma-et-carotte-200g/
PRO VITAL Savon Noir au Eucalyptus 200G,https://citymall-para.ma/produit/pro-vital-savon-noir-au-eucalyptus-200g/
Proderm savon dermatologique antiseptique,https://citymall-para.ma/produit/proderm-savon-dermatologique-antiseptique/
QUIES CIRE NATURELLE 4 TUBE,https://citymall-para.ma/produit/quies-cire-naturelle-4-tube/
QUIES Earplanes  Kids,https://citymall-para.ma/produit/quies-earplanes-kids/
QUIES Protection Auditive Cire Naturelle 8 Paires,https://citymall-para.ma/produit/quies-protection-auditive-cire-naturelle-8-paires/
Quies Protection Auditive EarPlanes Adulte 1 Paire,https://citymall-para.ma/produit/quies-protection-auditive-earplanes-adulte-1-paire/
QUIES PROTECTION AUDITIVE MOUSSE CONFORT 3 PAIRES,https://citymall-para.ma/produit/quies-protection-auditive-mousse-confort-3-paires/
QUIES Silicone Natation Adulte 3 Paires,https://citymall-para.ma/produit/quies-silicone-natation-adulte-3-paires/
QUIES Spray Buccal Anti Ronflement 70ml,https://citymall-para.ma/produit/quies-spray-buccal-anti-ronflement-70ml/
Racine Vita Gel Intime 420ML (PH 5.5) Doux Et Hypoallergenique,https://citymall-para.ma/produit/racine-vita-gel-intime-420ml-ph-5-5-doux-et-hypoallergenique/
Racine Vita Huile D’Aloe Vera 40 Ml,https://citymall-para.ma/produit/racine-vita-huile-daloe-vera-40-ml/
Racine Vita Huile De Chanvre 40ML,https://citymall-para.ma/produit/racine-vita-huile-de-chanvre-40ml/
Racine Vita huile de Ricin 40ml,https://citymall-para.ma/produit/racine-vita-huile-de-ricin-40ml/
RACINE VITA Huile Essentielle d’Arbre a The 10ML,https://citymall-para.ma/produit/racine-vita-huile-essentielle-darbre-a-the-10ml/
Racine Vita Huile Essentielle de Cannelle 10ML,https://citymall-para.ma/produit/racine-vita-huile-essentielle-de-canelle/
Racine Vita Huile Glycerine 1L,https://citymall-para.ma/produit/racine-vita-huile-glycerine-1l/
Rc Deo Absorb+ invisible 48h spray 150ml,https://citymall-para.ma/produit/rc-deo-absorb-invisible-48h-spray-150ml/
Rc Deo Homme absorb + 48h spray 150ml,https://citymall-para.ma/produit/rc-deo-homme-absorb-48h-spray-150ml/
Rc Deo Homme dermato 48h spray 150ml,https://citymall-para.ma/produit/rc-deo-homme-dermato-48h-spray-150ml/
Rc Déodorant Absorb+ homme 48h bille 50ml,https://citymall-para.ma/produit/roge-cavailles-deodorant-absorb-homme-48h-bille-50ml/
RC Douche surgras extra doux amande douce 200ml,https://citymall-para.ma/produit/rc-douche-surgras-extra-doux-amande-douce-200ml/
Rc Gel bain douche surgras l’original 400ml,https://citymall-para.ma/produit/rc-gel-bain-douche-surgras-loriginal-400ml/
Rc Gel bain et douche surgras actif fleur coton 400ml,https://citymall-para.ma/produit/rc-gel-bain-et-douche-surgras-actif-fleur-coton-400ml/
Rc Gel surgras bain douche huile de macadamia 1l,https://citymall-para.ma/produit/rc-gel-surgras-bain-douche-huile-de-macadamia-1l/
Rc Gel surgras bain douche huile de macadamia 400ml,https://citymall-para.ma/produit/rc-gel-surgras-bain-douche-huile-de-macadamia-400ml/
Rc Huile bain et douche satinante 250ml,https://citymall-para.ma/produit/rc-huile-bain-et-douche-satinante-250ml/
Rc Huile bain et douche veloutante 750ml,https://citymall-para.ma/produit/rc-huile-bain-et-douche-veloutante-750ml/
Rc Huile universelle de surgras 150ml,https://citymall-para.ma/produit/rc-huile-universelle-de-surgras-150ml/
RC lait bain douche l’hydratant 1L,https://citymall-para.ma/produit/rc-lait-bain-douche-lhydratant-1l/
RC lait bain douche lait et figue 400 ml,https://citymall-para.ma/produit/rc-lait-bain-douche-lait-et-figue-400-ml/
RITUEL D’ORIENT Gant de Savonnage coton,https://citymall-para.ma/produit/rituel-dorient-gant-de-savonnage-coton/
RITUELS D’ORIENT Bonnet De bain,https://citymall-para.ma/produit/rituels-dorient-bonnet-de-bain/
Roge Cavailles  Dermo-Uht gel lavante surgras 500ml,https://citymall-para.ma/produit/rc-dermo-uht-gel-lavante-surgras-500ml/
Rogé Cavaillès gel bain douche aloe vera 1l,https://citymall-para.ma/produit/roge-cavailles-gel-bain-douche-aloe-vera-1l/
Rogé Cavaillès Savon Surgras Extra Doux Fleur de Coton 2x250g,https://citymall-para.ma/produit/roge-cavailles-savon-surgras-extra-doux-fleur-de-coton-2x250g/
Rogé Cavaillès Savon Surgras Extra Doux Lait Et Miel 250g,https://citymall-para.ma/produit/roge-cavailles-savon-surgras-extra-doux-lait-et-miel-250g/
Rogé Cavaillès Savon Surgras Extra-Doux – Amande Verte,https://citymall-para.ma/produit/roge-cavailles-savon-surgras-extra-doux-amande-verte/
Rogé Cavaillès Soin Toilette Intime Extra Doux 100ml,https://citymall-para.ma/produit/roge-cavailles-soin-toilette-intime-extra-doux-100ml/
Rogé Cavaillès Soin Toilette Intime Gel Fraîcheur 500ml,https://citymall-para.ma/produit/roge-cavailles-soin-toilette-intime-gel-fraicheur-500ml/
Rogé Cavaillès Soin Toilette Intime Mycolea 200ml,https://citymall-para.ma/produit/roge-cavailles-soin-toilette-intime-mycolea-200ml/
Rogé Cavaillès Soin Toilette Intime Sécheresse 250ml,https://citymall-para.ma/produit/roge-cavailles-soin-toilette-intime-secheresse-250ml/
Romed Intranule Catheter Intraveineux Intranule Gris 16G,https://citymall-para.ma/produit/romed-intranule-catheter-intraveineux-intranule-gris-16g/
SAFORELLE Soin Lavant Doux 250 ml,https://citymall-para.ma/produit/saforelle-soin-lavant-doux-250-ml/
SAFORELLE Soin Lavant Doux Toilette Intime 250 ml,https://citymall-para.ma/produit/saforelle-soin-lavant-doux-toilette-intime-250-ml/
Sagene Gel Anti Bacterien Sans Rinçage 237ML,https://citymall-para.ma/produit/sagene-gel-anti-bacterien-sans-rincage-237ml/
SANTE BIO Huile d’Argan 50ML,https://citymall-para.ma/produit/sante-bio-huile-dargan-50ml/
Sante Bio Huile de Paraffine 1 litre,https://citymall-para.ma/produit/sante-bio-huile-de-paraffine-1-litre/
Sedasteril Creme lavante antibactérien 250ml,https://citymall-para.ma/produit/sedasteril-creme-lavante-anti-bacterien-250ml/
SEDASTERIL Gel Lubrifiant Intime 70ML,https://citymall-para.ma/produit/sedasteril-gel-lubrifiant-intime-70mll/
SEDASTERIL Pediatrique Creme Lavante Anti-Bacterien 250ml,https://citymall-para.ma/produit/sedasteril-pediatrique-creme-lavante-anti-bacterien-250ml/
SENSILIS COFFRET SUPREME RENEWAL DETOX DAY CREAM 50ML + CONTOUR DES YEUX 15ML,https://citymall-para.ma/produit/sensilis-coffret-supreme-renewal-detox-day-cream-50ml-contour-des-yeux-15ml/
SESDERMA REPASKIN SPF50 Pédiatrique Lotion Spray 200ML,https://citymall-para.ma/produit/sesderma-repaskin-spf50-pediatrique-lotion-spray-200ml/
Sleepy Jeans Couches Culottes XL Taille 6 – (15-25kg) 20,https://citymall-para.ma/produit/sleepy-jeans-couches-culottes-xl-taille-6-15-25kg-20/
Sofra Savon Dermatologique Au soufre 90g,https://citymall-para.ma/produit/sofra-savon-dermatologique-au-soufre-90g/
Souakine Bain de Bouche Fluorée 500ml,https://citymall-para.ma/produit/souakine-bain-de-bouche-fluoree-500ml/
Souframine Savon Dermatologique Au Soufre 90G,https://citymall-para.ma/produit/savon-dermatologique-au-soufre-90g/
Sterimar iso Physiologique 50ml,https://citymall-para.ma/produit/sterimar-iso-physiologique-100ml/
Sterimar iso physiologique 50ml,https://citymall-para.ma/produit/sterimar-iso-physiologique-50ml/
Sveltesse mocassin plat marron s,https://citymall-para.ma/produit/sveltesse-mocassin-plat-marron-s/
SVR CICAVIT+ GEL MOUSSANT ASSAINISSANT 200ML,https://citymall-para.ma/produit/svr-cicavit-gel-moussant-assainissant-apaisant/
SVR SPIRIAL Déo Douche 400 ML,https://citymall-para.ma/produit/svr-spirial-deo-douche-400-ml/
SVR SPIRIAL DÉODORANT ANTI-TRANSPIRANT INTENSE 48H ROLL-ON BILLE 50ML,https://citymall-para.ma/produit/svr-spirial-roll-on-a-transp-blanc-50ml-s/
SVR SPIRIAL Extrême Traitement Détranspirant INTENSIF 20 ML,https://citymall-para.ma/produit/svr-spirial-extreme-traitement-detranspirant-intensif-20-ml/
SVR Spirial Spray Anti-Transpirant 75ML,https://citymall-para.ma/produit/svr-spirial-spray-anti-transnpirant-75ml/
SVR TOPIALYSE Gel Lavant 400ML,https://citymall-para.ma/produit/svr-topialyse-gel-lavant-400ml/
SVR TOPIALYSE Huile Lavante 200 ML,https://citymall-para.ma/produit/svr-topialyse-huile-lavante-200-ml/
SVR TOPIALYSE Huile Lavante 1 L,https://citymall-para.ma/produit/svr-topialyse-huile-lavante-1l/
SVR TOPIALYSE Huile Lavante 400ML,https://citymall-para.ma/produit/svr-topialyse-huile-lavante-400ml/
SVR Xerial 50 Extrême Crème Pieds 50ML,https://citymall-para.ma/produit/svr-xerial-50-extreme-creme-pieds-50ml/
Urgo Filmogel Stop Ongles Ronges 9ml,https://citymall-para.ma/produit/urgo-filmogel-stop-ongles-ronges-9ml/
URIAGE BÉBÉ 1ÈRE HUILE LAVANTE APAISANTE  500ML,https://citymall-para.ma/produit/uriage-bebe-1ere-huile-lavante-apaisante-500ml/
URIAGE Gel Surgras Dermatologique 500ml,https://citymall-para.ma/produit/uriage-gel-surgras-dermatologique-500ml/
URIAGE GYN-PHY BRUME NETTOYANTE HYGIENE INTIME 50ML,https://citymall-para.ma/produit/uriage-gyn-phy-brume-nettoyante-hygiene-intime-50ml/
URIAGE GYN-PHY Gel Fraîcheur Hygiène Intime 200 ml,https://citymall-para.ma/produit/uriage-gyn-phy-gel-fraicheur-hygiene-intime-200-ml/
URIAGE HUILE LAVANTE 500 ML,https://citymall-para.ma/produit/uriage-huile-lavante-500-ml/
Uriage Xemose huile nettoyante 400ml,https://citymall-para.ma/produit/uriage-xemose-huile-nettoyante-400ml/
Vapovick Stick Inhalateur Congestion Nasale,https://citymall-para.ma/produit/vapovick-stick-inhalateur-congestion-nasale/
Vichy Déodorant Actif Anti-Odeur D’origine Naturelle,https://citymall-para.ma/produit/vichy-deodorant-actif-anti-odeur-dorigine-naturelle/
Vichy Déodorant Détranspirant Intensif 72h Roll-On Bille 50ml,https://citymall-para.ma/produit/vichy-deodorant-detranspirant-intensif-72h-roll-on-bille-50ml/
Vichy Dercos Aminexil CLINICAL 5 Ampoules Femme (21 amp),https://citymall-para.ma/produit/vichy-dercos-aminexil-clinical-5-ampoules-femme-21-amp/
VICHY Dermo-Tolérance Déodorant Anti-Transpirant 48H 50ML,https://citymall-para.ma/produit/vichy-dermo-tolerance-deodorant-anti-transpirant-48h-50ml/
VICHY Dermo-Tolérance Déodorant Eclaircissant 50ML,https://citymall-para.ma/produit/vichy-dermo-tolerance-deodorant-eclaircissant-50ml/
VICHY DERMO-TOLÉRANCE TRAITEMENT CRÈME ANTI-TRANSPIRANT 7 JOURS 30ML,https://citymall-para.ma/produit/vichy-dermo-tolerance-traitement-creme-anti-transpirant-7-jours-30ml/
VICHY HOMME GEL DE RASAGE ANTI-IRRITATIONS 150ML,https://citymall-para.ma/produit/vichy-homme-gel-de-rasage-anti-irritations-150ml/
VITA NATURE Huile Beurre de Karite 50ML,https://citymall-para.ma/produit/vita-nature-huile-beurre-de-karite-50ml-2/
VITA NATURE Huile d’Aloe Vera 50ML,https://citymall-para.ma/produit/vita-nature-huile-daloe-vera-50ml/
"VITARMONYL MG 100% Vitamines B6, B2, B1 et 300 MG de Magnésium 24 Comprimés",https://citymall-para.ma/produit/vitarmonyl-mg-100-vitamines-b6-b2-b1-et-300-mg-de-magnesium-24-comprimes/
CUMLAUDE LAB HYGIENE INTIME DELIGYN 500ML,https://citymall-para.ma/produit/cumlaude-lab-hygiene-intime-deligyn-500ml/
A-Cerumen Hygiene Des Oreilles Spray 40ml,https://citymall-para.ma/produit/a-cerumen-hygiene-des-oreilles-spray-40ml/
A-Cerumen 10 Unidoses De 2 ml,https://citymall-para.ma/produit/a-cerumen-10-unidoses-de-2-ml/
A-Derma Cytelium Spray 100 Ml,https://citymall-para.ma/produit/a-derma-cytelium-spray-100-ml/
A-Derma gel douche surgras 200ml,https://citymall-para.ma/produit/a-derma-gel-douche-surgras-200ml/
A-DERMA PAIN DERMATOLOGIQUE SANS SAVON AU LAIT D’AVOINE 100G,https://citymall-para.ma/produit/a-derma-pain-dermatologique-sans-savon-au-lait-davoine-100g/
A-derma Pain Surgras 100G,https://citymall-para.ma/produit/a-derma-pain-surgras-100g/
ELCÉA MASQUE RÉVÉLATEUR DÉCLAT CHEVEUX COLORÉS 200ML,https://citymall-para.ma/produit/elcea-masque-revelateur-declat-cheveux-colores/
Actigel Surgras Doux Peaux Seches Acti Ceutic 200ml,https://citymall-para.ma/produit/actigel-surgras-doux-ps-acti-ceutic-200ml/
Addax Septidol Ph 5 Gel Intime Nettoyant 250ml,https://citymall-para.ma/produit/addax-septidol-ph-5-gel-intime-nettoyant-250ml/
Addax Septidol Ph 8 Gel Intime Netoyant 250ml,https://citymall-para.ma/produit/addax-septidol-8-250ml/
Addax Septidol Gel Intime Ph5 – 125 Ml,https://citymall-para.ma/produit/addax-septidol-gel-intime-ph5-125-ml/
Aginax soin lavant sans savon 125ml,https://citymall-para.ma/produit/aginax-soin-lavant-sans-savon-125ml/
ALBADERME HQ Crème Dépigmentante 50ML,https://citymall-para.ma/produit/albaderme-hq-creme-depigmentante-50ml/
XEN AlcooXen Gel Anti-bacterien 100ML,https://citymall-para.ma/produit/alcooxen-gel-antibacterien-100ml/
AlcooXen Gel Anti-Bacterien 250ML,https://citymall-para.ma/produit/alcooxen-gel-antibacterien-250ml/
AlcooXen Gel Anti-Bacterien 500ML,https://citymall-para.ma/produit/alcooxen-gel-antibacterien-500ml/
Apaisept Soin Lavant Antiseptique 200ml,https://citymall-para.ma/produit/apaisept-soin-lavant-antiseptique-200ml/
Apivita Gel Douche Lavande Peau Sensible 250ml,https://citymall-para.ma/produit/apivita-gel-douche-lavande-peau-sensible-250ml/
Apivita Gel Douche Lavande Peaux Sensibles 300 ml,https://citymall-para.ma/produit/apivita-gel-douche-lavande-peaux-sensibles-300-ml/
Apivita Gel Douche Pure Jasmin 250ml,https://citymall-para.ma/produit/apivita-gel-douche-pure-jasmin-250ml/
Apivita Gel Douche Rafraichissant Figue 250ml,https://citymall-para.ma/produit/apivita-gel-douche-rafraichissant-figue-250ml/
Apivita Hygiene Intime Doux 200ml,https://citymall-para.ma/produit/apivita-hygiene-intimate-doux-200ml/
Aquavera Gel Intimate Wash 250ml,https://citymall-para.ma/produit/aquavera-gel-intimate-wash-250ml/
Argan care savon Doux naturel 80gr,https://citymall-para.ma/produit/argan-care-savon-doux-naturel-80gr/
Arganis Gant Hammam,https://citymall-para.ma/produit/arganis-gant-hammam/
Bioderma Atoderm Gel douche 1L,https://citymall-para.ma/produit/atoderm-gel-douche-1l/
Atoderm Gel Douche Douceur 200Ml,https://citymall-para.ma/produit/atoderm-gel-douche-douceur-200ml/
Bioderma Atoderm huile douche 1L,https://citymall-para.ma/produit/atoderm-huile-douche-1l/
Atolys Gel Nettoyant Surgras 200Ml,https://citymall-para.ma/produit/atolys-gel-nettoyant-surgras-200ml/
AVÈNE PhysioLift JOUR Crème Lissante 30ML,https://citymall-para.ma/produit/av-physiolift-cr-lissante-30ml/
AVÈNE XeraCalm A.D Baume Relipidant 200ML,https://citymall-para.ma/produit/av-xeracalm-baume-200ml/
BéBé Confort 2 Sucette Natural Physio 18-36m Latex Navy,https://citymall-para.ma/produit/bb-conf-2-suc-natural-physio-16-18m-latex-navy/
Bebedor klinoz aspirateur Nasal kit 562,https://citymall-para.ma/produit/bebedor-klinoz-aspirateur-nasal-kit-562/
Begobano eponge savonneuse 100 gr 24 unités,https://citymall-para.ma/produit/begobano-eponge-savonneuse-100-gr-24-unites/
Begobano eponge savonneuse 12*20 cm 40 unités,https://citymall-para.ma/produit/begobano-eponge-savonneuse-1220-cm-40-unites/
Begobano eponge savonneuse 170 gr 10 unités,https://citymall-para.ma/produit/begobano-eponge-savonneuse-170-gr-10-unites/
Begobano eponge savonneuse 7.5*12 cm 50 unités,https://citymall-para.ma/produit/begobano-eponge-savonneuse-7-512-cm-50-unites/
Begobano gel dermatologique 1 Litre,https://citymall-para.ma/produit/begobano-gel-dermatologique-1-litre/
Begobano gel dermatologique avoine 1 Litre,https://citymall-para.ma/produit/begobano-gel-dermatologique-avoine-1-litre/
Begobano shampoo-gel dermatologique dermobano 750 ml,https://citymall-para.ma/produit/begobano-shampoo-gel-dermatologique-dermobano-750-ml/
Beurer Amplificateur Auditif HA50,https://citymall-para.ma/produit/amplificateur-auditif-beurer/
Beurer Amplificateur Auditif Discrète,https://citymall-para.ma/produit/amplificateur-auditif-discrete/
Bioderma Pigmentbio sensitive areas 75ml,https://citymall-para.ma/produit/bioderma-pigmentbio-sensitive-areas-75ml/
Biofar Kids Multi 20cps,https://citymall-para.ma/produit/biofar-kids-multi-20cps/
BioKarite Deodorant Fraicheur Tonique 50ml,https://citymall-para.ma/produit/biokarite-deodorant-fraicheur-tonique-50ml/
Biosept Traitant ph 7.5 gel Antiseptique 200ml,https://citymall-para.ma/produit/biosept-traitant-ph-7-5-gel-antiseptique-200ml/
Borne de distributeur Inox « Gris »,https://citymall-para.ma/produit/borne-de-distributeur-inox-gris/
Bracelet de gel Hydroalcoolique Bleu,https://citymall-para.ma/produit/bracelet-de-gel-hydroalcoolique-bleu/
Bracelet de gel Hydroalcoolique Rose,https://citymall-para.ma/produit/bracelet-de-gel-hydroalcoolique-rose/
CAMOMILLA BLU DEO SPRAY ANTI ODEURS 100ML,https://citymall-para.ma/produit/camomilla-blu-deo-spray-anti-odeurs-100ml/
Camomilla Blu Gel Nettoyant 300 Ml,https://citymall-para.ma/produit/camomilla-blu-gel-nettoyant-300-ml/
Carex classic 3,https://citymall-para.ma/produit/carex-classic-3/
Carex Classic 6,https://citymall-para.ma/produit/carex-classic-6/
Cattier Deo Roll-on Efficacite 24H 50ml,https://citymall-para.ma/produit/cattier-deo-roll-on-efficacite-24h-50ml/
Cattier Deo Roll-on Fraicheur Agrume 50ml,https://citymall-para.ma/produit/cattier-deo-roll-on-fraicheur-agrume-50ml/
Cattier Gel Nettoyant Purifiant Menthe 200ml,https://citymall-para.ma/produit/cattier-gel-nettoyant-purifiant-menthe-200ml/
Cattier Lotion Purifiante Menthe spray 200ml,https://citymall-para.ma/produit/cattier-lotion-purifiante-menthe-spray-200ml/
Cattier Moussant familial sans savon 500ml,https://citymall-para.ma/produit/cattier-moussant-familial-sans-savon-500ml/
Cattier Moussant familial Sans savon Pamplemousse 1L,https://citymall-para.ma/produit/cattier-moussant-familial-sans-savon-pamplemousse-1l/
Centaurea gel antiseptique ph neutre 200ml,https://citymall-para.ma/produit/centaurea-gel-antiseptique-ph-neutre-200ml/
Centifolia Mousse Intime Douceur 100ml,https://citymall-para.ma/produit/centifolia-mousse-intime-douceur-100ml/
Cetaphil Lotion Hydratante 500 ml,https://citymall-para.ma/produit/cetaphil-lotion-hydratante-500-ml/
Coton Plus Bébé Extra Large 60 Carrés,https://citymall-para.ma/produit/coton-plus-bebe-extra-large-60-carres/
Cotonet Lingettes 20 Make-up removing,https://citymall-para.ma/produit/cotonet-lingettes-20-make-up-removing/
Cotonet Lingettes Intimes 20 Salviettes,https://citymall-para.ma/produit/cotonet-lingettes-intimes-20-salviettes/
CUMLAUDE GINESENS EFFET THERMIQUE 30ML,https://citymall-para.ma/produit/cumlaude-ginesens-effet-thermique-30ml/
CUMLAUDE HYGIENE INTIME DELIGYN 200 ML,https://citymall-para.ma/produit/cumlaude-hygiene-intime-deligyn-200-ml/
CUMLAUDE HYGIÈNE INTIME MOUSSE PRÉBIOTIQUE 150 ML,https://citymall-para.ma/produit/cumlaude-hygiene-intime-mousse-prebiotique-150-ml/
CUMLAUDE HYGINE INTIME DIARIA 500 ML,https://citymall-para.ma/produit/cumlaude-hygiene-intime-quotidienne-500ml-pour-femme/
CUMLAUDE LAB HYDRATANT EXTERNE 30ML,https://citymall-para.ma/produit/cumlaude-lab-hydratant-externe-30ml/
CUMLAUDE LAB HYGIENE INTIME CLX 200 ML,https://citymall-para.ma/produit/cumlaude-lab-hygiene-intime-clx-200-ml/
CUMLAUDE LAB HYGIÈNE INTIME QUOTIDIENNE 200 ML,https://citymall-para.ma/produit/cumlaude-lab-hygiene-intime-quotidienne-200-ml/
CUMLAUDE LAB VIDERAGE GEL-CRÈME 30ML,https://citymall-para.ma/produit/viderage-gel-creme-30ml-pour-le-rajeunissement-raffermissement-et-leclaircissement-de-la-zone-intime/
CUMLAUDE LUBRIPIÙ HYGIÈNE INTIME SÉCHERESSE VAGINALE 200ML,https://citymall-para.ma/produit/cumlaude-lubripiu-hygiene-intime-secheresse-vaginale-200ml/
CUMLAUDE LAB MUCUS GEL 30ML,https://citymall-para.ma/produit/cumlaude-mucus-30ml/
D-WHITE PAIN EXFOLIANT CITRON PEAUX GRASSES 200G,https://citymall-para.ma/produit/dwhite-pain-exfoliant-citron-peaux-grasses/
Dalin Bébé Huile legere spray 200ml,https://citymall-para.ma/produit/dalin-bb-huile-legere-spray-200ml/
Dalin BB Savon Peau sensibles 100g,https://citymall-para.ma/produit/dalin-bb-savon-peau-sensibles-100g/
Delia Cosmetics Cameleo BB Shampoing Cheveux Abîmés 250ml,https://citymall-para.ma/produit/delia-cosmetics-cameleo-bb-shampoing-cheveux-abimes-250ml/
Dermagor  Atopicalm Savon surgras peaux sèches 150 g,https://citymall-para.ma/produit/dermagor-atopicalm-savon-surgras-150g/
Dodie Duo Mickey Bleu Biberon Anti-Colique 330ml+Sucette Anatomique A65,https://citymall-para.ma/produit/dodie-duo-mickey-bleu-biberon-anti-colique-330mlsucette-anatomique-a65/
Dodie Liniment Oléo Calcaire 250ml,https://citymall-para.ma/produit/dodie-liniment-oleo-calcaire-250ml/
Doliderm Gel Douche 01 Aqua minerale 1L,https://citymall-para.ma/produit/doliderm-gel-douche-01-aqua-minerale-1l/
Doliderm Gel Douche 02 Nectar de Figue 1L,https://citymall-para.ma/produit/doliderm-gel-douche-02-nectar-de-figue-1l/
Doliderm Gel Douche 03 Verveine Fraiche 1L,https://citymall-para.ma/produit/doliderm-gel-douche-03-verveine-fraiche-1l/
Dominance creme clarifiante 50ml,https://citymall-para.ma/produit/dominance-creme-clarifiante-50ml/
Ducray dexyane gel nettoyant visage & corps 400ml,https://citymall-para.ma/produit/ducray-dexyane-gel-nettoyant-visage-corps-400ml/
Ducray Hidrosis control Roll-on 40ml,https://citymall-para.ma/produit/ducray-hidrosis-control-roll-on-40ml/
Egosan Couches Adultes Taille L 7 Goutes 30pcs,https://citymall-para.ma/produit/egosan-couches-adultes-taille-l-7-goutes-30pcs/
Egosan Couches Adultes Taille L 8 Goutes 15pcs,https://citymall-para.ma/produit/egosan-couches-adultes-taille-l-8-goutes-15pcs/
Egosan Couches Adultes Taille M 7 Gouttes 30pcs,https://citymall-para.ma/produit/egosan-couches-adultes-taille-m-7-gouttes-30pcs/
Egosan Couches Adultes Taille XL 8 Goutes 15pcs,https://citymall-para.ma/produit/egosan-couches-adultes-taille-xl-8-goutes-15pcs/
Egosan Couches Culottes Taille L 70kg/14pcs,https://citymall-para.ma/produit/egosan-couches-culottes-taille-l-70kg-14pcs/
Egosan Couches Culottes Taille S 40kg/14pcs,https://citymall-para.ma/produit/egosan-couches-culottes-taille-s-40kg-14pcs/
Egosan Couches Culottes Taille XL 90kg/14pcs,https://citymall-para.ma/produit/egosan-couches-culottes-taille-xl-90kg-14pcs/
Eubos Lotion Intime,https://citymall-para.ma/produit/eubos-lotion-intime/
Eubos sensitive gel douche & creme 75ml,https://citymall-para.ma/produit/eubos-sensitive-gel-douche-creme-75ml/
Floxia Savon nourrissant sativa 125g,https://citymall-para.ma/produit/floxia-savon-nourrissant-sativa-125g/
Gifrer Sérum Physiologique 40 Unidoses x 5ml,https://citymall-para.ma/produit/gifrer-serum-physiologique-40-unidoses-x-5ml/
Gilbert pads bio 180 rectangles de coton,https://citymall-para.ma/produit/gilbert-pads-bio-180-rectangles-de-coton/
Gilbert Vaseline Tube 100ml,https://citymall-para.ma/produit/gilbert-vaseline-tube-100ml/
Ginmag B6 Forme Et Nature 10 Ampoules,https://citymall-para.ma/produit/ginmag-b6-10-amp/
Gynelys Hygiène Intime,https://citymall-para.ma/produit/gynelys-hygiene-intime/
Hartmann Confiance Alése 7G 60X90 cm Avec Ailes sachet de 30 Alèses,https://citymall-para.ma/produit/hartmann-confiance-alese-7g-60x90-cm-avec-ailes-sachet-de-30-aleses/
Hartmann Confiance Alésés 6G 60*60cm 30pcs,https://citymall-para.ma/produit/hartmann-confiance-aleses-6g-6060cm-30pcs-161092/
Hartmann Confiance Men Absorption 14 Unités,https://citymall-para.ma/produit/hartmann-confiance-men3-14un-242113/
Hartmann Confiance Mobile 8G Taille L/Nuit,https://citymall-para.ma/produit/hartmann-confiance-mobile-8g-taille-l-nuit-ref-915723/
Hartmann Confiance Sensitive 14 pcs,https://citymall-para.ma/produit/hartmann-confiance-sensitive-14pcs/
Hartmann Couche Mobile Slip Large Jour 14sac,https://citymall-para.ma/produit/hartmann-couche-mobile-slip-large-jour-14sac/
Hartmann Couche Mobile Slip Medium Jour 14 sac,https://citymall-para.ma/produit/hartmann-couche-mobile-slip-medium-jour-14sac-915832/
Hartmann Extensa plus bande adhesive 10*2.5 928643,https://citymall-para.ma/produit/hartmann-extensa-plus-bande-adhesive-102-5-928643/
Hartmann Molicare Couche Mobile Slip Medium Jour 14 sac,https://citymall-para.ma/produit/hartmann-couche-mobile-slip-super-large-nuit-14sac/
Hartmann Molimed Ultra Micro 28 Pads,https://citymall-para.ma/produit/molimed-ultra-micro-28-pads/
Hartmann Molipants Soft Slips L 3pcs,https://citymall-para.ma/produit/hartmann-molipants-soft-slips-l-3pcs-947807/
Hartmann Molipants Soft Slips M 3pcs,https://citymall-para.ma/produit/hartmann-molipants-soft-slips-m-3pcs-947806/
Hartmann Sterilux Coton Tige 200 Pieces,https://citymall-para.ma/produit/hartmann-batonnets-ouates-200pcs-ref-101262/
Herbacin Gel Douche Lemongrass+Ginger 200ml,https://citymall-para.ma/produit/herbacin-gel-douche-lemongrassginger-200ml/
Humer Hygiene de nez enfant 150Ml,https://citymall-para.ma/produit/humer-hygiene-de-nez-enfant-150ml/
Humer Hygiene du nez adulte 150Ml,https://citymall-para.ma/produit/humer-hygiene-du-nez-adulte-150ml/
Hydrintim gel douceur intime 120ml,https://citymall-para.ma/produit/hydrintim-gel-douceur-intime-120ml/
CUMLAUDE HYGIENE INTIME CLX  500ML,https://citymall-para.ma/produit/hygiene-intime-clx-infection-demangeaison-500ml/
CUMLAUDE LAB HYGIÈNE INTIME CLX MOUSSE 200ML,https://citymall-para.ma/produit/cumlaude-lab-hygiene-intime-clx-mousse-200ml/
XEN Intimel gel intime apaisant PH8 100ml,https://citymall-para.ma/produit/xen-intimel-gel-intime-apaisant-ph8-100ml/
XEN Intimel gel intime protecteur PH5.5 100ml,https://citymall-para.ma/produit/xen-intimel-gel-intime-protecteur-ph5-5-100ml/
Intimorosa Ph 7 Toilette Quotidienne 300ml,https://citymall-para.ma/produit/intimorosa-ph-7-toilette-quotidienne-300ml/
Jailys Brume Protectrice 30Ml,https://citymall-para.ma/produit/jailys-brume-protectrice-30ml/
Juniors biberons simple PM 125ml,https://citymall-para.ma/produit/juniors-biberons-simple-pm-125ml/
Kaline K.intim gel lubrifiant intime 50ml,https://citymall-para.ma/produit/kaline-k-intim-gel-lubrifiant-intime-50ml/
Klorane Savon Surgras doux  250g,https://citymall-para.ma/produit/klorane-savon-surgras-doux-250g/
Laino déodorant koalin extrait de figue 50ml,https://citymall-para.ma/produit/laino-deodorant-koalin-extrait-de-figue-50ml/
Laino gel douche au puple de peche blanche 200ml,https://citymall-para.ma/produit/laino-gel-douche-au-puple-de-peche-blanche-200ml/
LAINO Shampoing Douche Monoi de Tahiti 200ML,https://citymall-para.ma/produit/laino-shamp-douche-monoi-de-tahiti-200ml/
Laino shampooing douche agrume 200ml,https://citymall-para.ma/produit/laino-shampooing-douche-agrume-200ml/
Lierac supra radiance Masque eclat 75ml,https://citymall-para.ma/produit/lierac-supra-radiance-masque-eclat-75ml/
LUBRIMAX GEL LUBRIFIANT 60ML,https://citymall-para.ma/produit/lubrimax-gel-lubrifiant-60ml/
Lubrix Gel Lubrifiant 50Ml,https://citymall-para.ma/produit/lubrix-gel-lubrifiant-50ml/
MANIX SUPER 4 PRÉSERVATIFS,https://citymall-para.ma/produit/manix-super-4-preservatifs/
Marimer Hypertonique Nez bouché – Rhume Sinusite 100ml,https://citymall-para.ma/produit/marimer-hypertonique-nez-bouche-rhume-sinusite-100ml/
MARIMER SPRAY NASAL 100ML,https://citymall-para.ma/produit/marimer-spray-nasal-100ml/
MARIMER UNIDOSES 10*5ML,https://citymall-para.ma/produit/marimer-unidoses-105ml/
Medela Tire Lait Swing Flex 101033771,https://citymall-para.ma/produit/medela-tire-lait-swing-flex-101033771/
Melagyn/ Gel (Promopharm),https://citymall-para.ma/produit/melagyn-gel-promopharm/
Men Ato Carbon Protect Ice Fresh 150ml,https://citymall-para.ma/produit/men-ato-carbon-protect-ice-fresh-150ml/
Men Ato Invincible 96 150ml,https://citymall-para.ma/produit/men-ato-invincible-96-150ml/
Men Ato Thermic Resist En Bleu 150ml,https://citymall-para.ma/produit/men-ato-thermic-resist-en-bleu-150ml/
Men Dche 300 Total Clean,https://citymall-para.ma/produit/men-dche-300-total-clean/
Men Dche300 Cool Power,https://citymall-para.ma/produit/men-dche300-cool-power/
Men Dche300 Hydra Sensitive,https://citymall-para.ma/produit/men-dche300-hydra-sensitive/
Men Dche300 Hydra.Energetic,https://citymall-para.ma/produit/men-dche300-hydra-energetic/
L’OREAL Men Dche300 Invincible Sport,https://citymall-para.ma/produit/men-dche300-invincible-sport/
Men Dche300 Stop Stress,https://citymall-para.ma/produit/men-dche300-stop-stress/
Men Roll On Carbon Protect Ice Fresh,https://citymall-para.ma/produit/men-roll-on-carbon-protect-ice-fresh/
Men Roll On Cool Non Stop,https://citymall-para.ma/produit/men-roll-on-cool-non-stop/
Men Roll On Fresh Extreme,https://citymall-para.ma/produit/men-roll-on-fresh-extreme/
men roll on invincible 96h,https://citymall-para.ma/produit/men-roll-on-invincible-96h/
L’OREAL Men Roll On Invincible Sport,https://citymall-para.ma/produit/men-roll-on-invincible-sport/
Men Roll On Sos Shirt Green,https://citymall-para.ma/produit/men-roll-on-sos-shirt-green/
Men Roll On Stop Stress,https://citymall-para.ma/produit/men-roll-on-stop-stress/
Men Roll On Thermic Resist Bleu,https://citymall-para.ma/produit/men-roll-on-thermic-resist-bleu/
Mex Ato Extreme 150ml,https://citymall-para.ma/produit/mex-ato-extreme-150ml/
Mex Ato Sos Shirt Green 150ml,https://citymall-para.ma/produit/mex-ato-sos-shirt-green-150ml/
Mixa Deof 150ml Hypoallergenique,https://citymall-para.ma/produit/mixa-deof-150ml-hypoallergenique/
Mussvital Essentials gel douche aloe vera 750ml,https://citymall-para.ma/produit/mussvital-essentials-gel-douche-aloe-vera-750ml/
Mussvital Essentials gel douche Amandes 750ml,https://citymall-para.ma/produit/mussvital-essentials-gel-douche-amandes-750ml/
Mussvital Essentials gel douche argan 750ml,https://citymall-para.ma/produit/mussvital-essentials-gel-douche-argan-750ml/
Mussvital Essentials gel douche avoine 750ml,https://citymall-para.ma/produit/mussvital-essentials-gel-douche-avoine-750ml/
Mussvital Essentials gel douche coco 750ml,https://citymall-para.ma/produit/mussvital-essentials-gel-douche-coco-750ml/
Mussvital Essentials gel douche olive 750ml,https://citymall-para.ma/produit/mussvital-essentials-gel-douche-olive-750ml/
Mussvital Essentials gel douche original 750ml,https://citymall-para.ma/produit/mussvital-essentials-gel-douche-original-750ml/
Mussvital Essentials Lotion Corporel Avoine 400ml,https://citymall-para.ma/produit/mussvital-essentials-lotion-corporel-avoine-400ml/
My Taklidi Sel de Bain Ambre Musc 250g,https://citymall-para.ma/produit/my-taklidi-sel-de-bain-ambre-musc-250g/
My Taklidi Sel de Bain Verveine 250g,https://citymall-para.ma/produit/my-taklidi-sel-de-bain-verveine-250g/
Vichy Deo Mineral Roll On 50ml,https://citymall-para.ma/produit/vichy-deo-mineral-roll-on-50ml/
Neoselen selenium vitamines A.C.E.Omegas 30 gélules,https://citymall-para.ma/produit/neoselen-selenium-vitamines-a-c-e-omegas-30-gelules/
Nerola Savon Exfoliant Et Purifiant 200G,https://citymall-para.ma/produit/nerola-savon-exfoliant-et-purifiant-200g/
Neutraderm gel douche micellaire pompe 1l,https://citymall-para.ma/produit/neutraderm-gel-douche-micellaire-pompe-1l/
Neutraderm gel douche surgras 200Ml,https://citymall-para.ma/produit/neutraderm-gel-douche-surgras-200ml/
Neutraderm gel douche surgras 500Ml,https://citymall-para.ma/produit/neutraderm-gel-douche-surgras-500ml/
Neutraderm gel douche surgras pompe 1L,https://citymall-para.ma/produit/neutraderm-gel-douche-surgras-pompe-1l/
Nohooh gel hygiène intime 200ml,https://citymall-para.ma/produit/nohooh-gel-hygiene-intime-200ml/
Novaderm Soin Lavant Intime ph 5.5 200ml,https://citymall-para.ma/produit/novaderm-soin-lavant-intime-ph-5-5-200ml/
NOVAFIX CRÈME ULTRA FORT 50 G,https://citymall-para.ma/produit/novafix-creme-ultra-fort-50-g/
Isdin Nutratopic Gel De Bain Émollient 400ml,https://citymall-para.ma/produit/isdin-nutratopic-gel-de-bain-emollient-400ml/
Nuxe Men Gel Douche Corps & Cheveux 200ml,https://citymall-para.ma/produit/nuxe-men-gel-douche-corps-cheveux-200ml/
NUXE PRODIGIEUSE FLORALE GELEE DOUCHE 200ML,https://citymall-para.ma/produit/nuxe-prodigieuse-florale-gelee-douche-200ml/
Nuxe White Ultimate Glow crème gel 50ml,https://citymall-para.ma/produit/nuxe-white-ultimate-glow-creme-gel-50ml/
OLEOBAN Gel Douche Quotidien 300 ml,https://citymall-para.ma/produit/oleoban-gel-douche-quotidien-300-ml/
Oleoskin Creme Had&Vit 40Ml,https://citymall-para.ma/produit/oleoskin-creme-hadvit-40ml/
oropropolis spray buccal,https://citymall-para.ma/produit/oropropolis-spray-buccal/
OVUL TEST,https://citymall-para.ma/produit/ovul-test-ovulation-urinaire-5-unites/
Placentor Hygiene femme 200ml,https://citymall-para.ma/produit/placentor-hygiene-femme-200ml/
Primcare Savon Liquide Antiseptique Coquelicot 500 ml,https://citymall-para.ma/produit/primcare-savon-liquide-de-antiseptique-coquilicot-500ml/
Primcare Savon Liquide Coquelicot 500ml,https://citymall-para.ma/produit/primcare-savon-liquide-coquelicot-500ml/
Primcare Savon Liquide De antiseptique Fleur D’oranger 500ml,https://citymall-para.ma/produit/primcare-savon-liquide-de-antiseptique-fleur-doranger-500ml/
Primcare Savon Liquide De antiseptique Nature 500ml,https://citymall-para.ma/produit/primcare-savon-liquide-de-antiseptique-nature-500ml/
Pro-vital deo bille anti-transpirant au lavande 50ml,https://citymall-para.ma/produit/pro-vital-deo-bille-anti-transpirant-au-lavande-50ml/
Pro vital Duo pack Vita C creme eclat & Serum+Dent Multi prevent,https://citymall-para.ma/produit/pro-vital-duo-pack-vita-c-creme-eclat-serumdent-multi-prevent/
Pro Vital Gant Gommage,https://citymall-para.ma/produit/pro-vital-gant-gommage/
Pro vital lingettes 72pcs,https://citymall-para.ma/produit/pro-vital-lingettes-72pcs/
Pro-vital Savon Noir au Eucalyptus 200g,https://citymall-para.ma/produit/pro-vital-savon-noir-au-eucalyptus-200g-2/
Pro-one gel antibacterien 5L,https://citymall-para.ma/produit/pro-one-gel-antibacterien-5l/
Pro-one gel Hydroalcoolique Kids 50ml,https://citymall-para.ma/produit/pro-one-gel-hydroalcoolique-kids-50ml/
Pro-one solution hydroalcoolique spray 100ml,https://citymall-para.ma/produit/pro-one-solution-hydroalcoolique-spray-100ml/
Pulvo germe 60Ml,https://citymall-para.ma/produit/pulvo-germe-60ml/
Puressentiel Assainissant Spray 500 ml+ Gel Antibactérien 250 ml,https://citymall-para.ma/produit/puressentiel-assainissant-spray-500mlgel-antibacterien-250ml-pack/
Puressentiel Assainissant Spray Aérien Aux 41 Huiles Essentielles 200 ml,https://citymall-para.ma/produit/puress-assainissant-spray-aerien-200ml-41-he/
Puressentiel Assainissant Spray Aerien 200ml+Gel Antibacterien 80ml pack,https://citymall-para.ma/produit/puressentiel-assainissant-spray-aerien-200mlgel-antibacterien-80ml-pack/
Puressentiel Spray Aérien Assainissant 41 He 75ml,https://citymall-para.ma/produit/puress-assainissant-spray-aerien-41-he-75ml/
Puressentiel Spray Aérien Assainissant 41 HE 500 ml,https://citymall-para.ma/produit/puress-assainissant-spray-aerien-500ml-41-he/
Puressentiel Assainissant Spray Textiles Antiparasitaire 150ml,https://citymall-para.ma/produit/puress-assainissant-spray-textiles-antiparasitaire-150ml/
Puressentiel Circulation Bain 100 Ml,https://citymall-para.ma/produit/puress-circulation-bain-100-ml/
Puressentiel Deo Roller Bio 50ml,https://citymall-para.ma/produit/puress-deo-roller-bio-50ml/
Puressentiel Hygiène Intime Gel Lavant douceur 250ml,https://citymall-para.ma/produit/puress-hygiene-intime-gel-lavant-douceur-250ml/
Puressentiel Hygiene Intime Mousse Lavante Douceur 150ml,https://citymall-para.ma/produit/puress-hygiene-intime-mousse-lavante-douceur-150ml/
Puressentiel Minceur Bain De Douche 100 ml,https://citymall-para.ma/produit/puress-minceur-bain-100-ml/
Puressentiel Respiratoire Inhalation Humide 50 Ml,https://citymall-para.ma/produit/puress-respiratoire-inhalation-humide-50-ml/
Puressentiel Respiratoire Inhaleur Aux 19 Huiles Essentielles,https://citymall-para.ma/produit/puress-respiratoire-inhaleur-aux-19-huiles-essentielles/
Puressentiel Roll On Stress 5ml,https://citymall-para.ma/produit/puress-stress-roller-5ml/
Puressentiel Tonus Bain Douche 100 ml,https://citymall-para.ma/produit/puress-tonus-bain-100-ml/
Puressentiel Anti Pique Spray Repulsif+Apaisant 75 ml,https://citymall-para.ma/produit/puress-anti-pique-spray-repulsifapaisant-75ml/
Puressentiel Anti-pique Spray Repulsif+Apaisant 200ml,https://citymall-para.ma/produit/puress-anti-pique-spray-repulsifapaisant-200ml/
Puressentiel Articulation Bain-Douche 100 ml,https://citymall-para.ma/produit/puress-articulation-bain-douche-100-ml/
Puressentiel Inhaleur Coupe Faim 5 HE  1 ml,https://citymall-para.ma/produit/puressentiel-coupe-faim-inhaleur/
Puressentiel Spray Aérien Assainissant 200ml,https://citymall-para.ma/produit/puressentiel-spray-aerien-assainissant-200ml-gel-antibacterien-assainissant-offert/
Quies Cire Naturelle tube 2 Paires,https://citymall-para.ma/produit/quies-cire-naturelle-tube-2-paires/
Quies Protec Audit Foam/6,https://citymall-para.ma/produit/quies-protec-audit-foam-6/
QUIES PROTECTION AUDITIVE FILTRE NATATION EN SILICONE ENFANT 3 PAIRES,https://citymall-para.ma/produit/quies-protection-auditive-filtre-natation-en-silicone-enfant-3-paires/
Quies Sil Adulte,https://citymall-para.ma/produit/quies-sil-adulte/
Racine Vita Gel Douche Caramel 200ml,https://citymall-para.ma/produit/racine-vita-gel-douche-caramel-200ml/
Racine vita savon a la vitamine C 80g,https://citymall-para.ma/produit/racine-vita-savon-a-la-vitamine-c-80g/
Racine vita sulfurine savon au soufre 80gr,https://citymall-para.ma/produit/racine-vita-sulfurine-savon-au-soufre-80gr/
Racine vita vaseline Glycerine 50gr,https://citymall-para.ma/produit/racine-vita-vaseline-glycerine-50gr/
Rogé Cavaillès Crème de Douche Beurre Amande Et Rose 750ml,https://citymall-para.ma/produit/rc-creme-de-douche-relaxante-amande-rose-750ml/
Rogé Cavailles Creme Intime Apaisante Mycolea+ 50ml,https://citymall-para.ma/produit/roge-cavailles-creme-intime-apaisante-mycolea-50ml/
Rogé Cavaillès Savon Surgras Extra Doux Lait De Rose 250G,https://citymall-para.ma/produit/rc-savon-surgras-extra-doux-lait-de-rose-250g/
RC Savon Surgras Fleur de coton Lot de 2*250g Pack,https://citymall-para.ma/produit/rc-savon-surgras-fleur-de-coton-lot-de-2250g-pack/
Rima’skin gel de toilette intime PH7 200ml,https://citymall-para.ma/produit/rimaskin-gel-de-toilette-intime-ph7-200ml/
Rituelessence Gel douche fleur d’oranger 200ml,https://citymall-para.ma/produit/rituelessence-gel-douche-fleur-doranger-200ml/
Rituelessence Gel douche Jasmin 200ml,https://citymall-para.ma/produit/rituelessence-gel-douche-jasmin-200ml-2/
Rituelessence Gel douche verveine citron 200ml,https://citymall-para.ma/produit/rituelessence-gel-douche-verveine-citron-200ml/
Rituelessence Huile Aromatique de Menthe 100ml,https://citymall-para.ma/produit/rituelessence-huile-aromatique-de-menthe-100ml/
LA ROCHE-POSAY SILICIUM 02 ROSE,https://citymall-para.ma/produit/la-roche-posay-silicium-02-rose/
LA ROCHE POSAY LIPIKAR HUILE LAVANTE AP+ PEAU SÈCHE ET ECZÉMA ATOPIQUE 200ML,https://citymall-para.ma/produit/la-roche-posay-lipikar-huile-lavante-ap-peau-seche-et-eczema-atopique-200ml/
LA ROCHE POSAY  LIPIKAR GEL LAVANT PEAU SÈCHE 200ML,https://citymall-para.ma/produit/la-roche-posay-lipikar-gel-lavant-peau-seche-200ml/
LA ROCHE POSAY  LIPIKAR GEL LAVANT PEAU SÈCHE 400ML,https://citymall-para.ma/produit/la-roche-posay-lipikar-gel-lavant-peau-seche-400ml/
Savon Au Soufre,https://citymall-para.ma/produit/savon-au-soufre/
Sedasteril Spray Antiseptique 100ml,https://citymall-para.ma/produit/sedasteril-spray-antiseptique-100ml/
ACM Sensitelial Pain Surgras Dermatologique 100g,https://citymall-para.ma/produit/sensitelial-pain-surgras-dermatologique-100g/
Septrim Spray Antiseptique 125ml,https://citymall-para.ma/produit/septrim-spray-antiseptique-125ml/
Septrin gel Hygiene intime 200ml,https://citymall-para.ma/produit/septrin-gel-hygiene-intime-200ml/
Serum Fast Bright 15ml,https://citymall-para.ma/produit/serum-fast-bright-15ml/
Soul Sisters Gommage Figue De Barbarie 100 g,https://citymall-para.ma/produit/soul-sisters-gommage-figue-de-barbarie-100-g/
SVR Hydraliane Riche Crème 40ml,https://citymall-para.ma/produit/svr-hydraliane-riche-creme-40ml/
Timodore deodorante creme pieds 48h 50ml,https://citymall-para.ma/produit/timodore-deodorante-creme-pieds-48h-50ml/
Timodore deodorante creme pieds 50ml,https://citymall-para.ma/produit/timodore-deodorante-creme-pieds-50ml/
URGO bande de gaze hydrophile 3m*7 cm,https://citymall-para.ma/produit/urgo-bande-de-gaze-hydrophile-3m7-cm/
Uvp Gel Moussant Surgras 500ml,https://citymall-para.ma/produit/uvp-gel-moussant-surgras-500ml/
UVP Hygiéne Intime 200 ml,https://citymall-para.ma/produit/uvp-hygiene-intime-200-ml/
Vichy Déodorant sans sels d’aluminium 24H Toucher Sec 50 ml,https://citymall-para.ma/produit/vichy-deodorant-sans-sels-daluminium-24h-toucher-sec-50-ml/
Vichy AEROSOL ANTI TRACES 125 ML,https://citymall-para.ma/produit/vichy-deodorant-anti-transpirant-aerosol/
DEO MINERAL AERO 125ML,https://citymall-para.ma/produit/vichy-dermo-tolerance-deodorant-48h-aerosol-sans-sels-daluminium-125ml/
Vita Nature Huile De coco 50ml,https://citymall-para.ma/produit/vita-nature-huile-de-coco-50ml/
